afisareLibrarie,Sun Apr 19 01:49:59 EEST 2020
modificaPretulUneiCarti,Sun Apr 19 01:51:42 EEST 2020
afisareLibrarie,Sun Apr 19 01:58:06 EEST 2020
modificaPretulUneiCarti,Sun Apr 19 02:00:47 EEST 2020
afisareLibrarie,Sun Apr 19 02:00:55 EEST 2020
afisareRubrici,Sun Apr 19 12:22:41 EEST 2020
adaugaCarte,Sun Apr 19 12:22:53 EEST 2020
afisareLibrarie,Sun Apr 19 12:22:57 EEST 2020
comandaCarti,Sun Apr 19 12:25:21 EEST 2020
cautaOpereDupaLimba,Sun Apr 19 12:25:37 EEST 2020
cautaCarteDupatitlu,Sun Apr 19 18:25:00 EEST 2020
cautaCartiDupaCuvCheie,Sun Apr 19 18:25:30 EEST 2020
cautaOpereDupaLimba,Sun Apr 19 18:25:40 EEST 2020
afisareDetaliiCarte,Sun Apr 19 18:25:57 EEST 2020
afisareDetaliiCarte,Sun Apr 19 18:26:22 EEST 2020
comandaCarti,Sun Apr 19 18:27:32 EEST 2020
cateComenziAreUnClient,Sun Apr 19 18:27:45 EEST 2020
cateComenziAreUnClient,Sun Apr 19 18:28:37 EEST 2020
getBestseller,Sun Apr 19 18:28:42 EEST 2020
afisareDetalliComanda,Sun Apr 19 18:29:31 EEST 2020
celMaiDevotatClient,Sun Apr 19 18:29:42 EEST 2020
afisareRubrici,Sun Apr 19 18:31:04 EEST 2020
adaugaCarte,Sun Apr 19 18:31:22 EEST 2020
modificaPretulUneiCarti,Sun Apr 19 18:31:42 EEST 2020
afisareRubrici,Sun Apr 19 18:48:06 EEST 2020
adaugaCarte,Sun Apr 19 18:48:15 EEST 2020
afisareLibrarie,Sun Apr 19 18:48:19 EEST 2020
celMaiDevotatClient,Sun Apr 19 18:48:43 EEST 2020
afisareLibrarie,Sun Apr 19 18:55:47 EEST 2020
afisareLibrarie,Sun Apr 19 18:58:38 EEST 2020
afisareLibrarie,Sun Apr 19 19:05:19 EEST 2020
afisareRubrici,Sun Apr 19 19:05:50 EEST 2020
adaugaCarte,Sun Apr 19 19:06:00 EEST 2020
afisareLibrarie,Sun Apr 19 19:06:03 EEST 2020
